{"data_time": 0.0020589580017258413, "eta_seconds": 183.02915376028977, "fast_rcnn/cls_accuracy": 0.47900390625, "fast_rcnn/false_negative": 0.41102614934390636, "fast_rcnn/fg_cls_accuracy": 0.5889738506560936, "iteration": 19, "loss_box_reg": 0.022003999911248684, "loss_cls": 0.732888400554657, "loss_rpn_cls": 0.7006325721740723, "loss_rpn_loc": 0.7279810309410095, "lr": 4.99525e-06, "roi_head/num_bg_samples": 483.75, "roi_head/num_fg_samples": 28.25, "rpn/num_neg_anchors": 162.75, "rpn/num_pos_anchors": 93.25, "time": 0.3813107370006037, "total_loss": 2.2731022592633963}
{"data_time": 0.0025870655008475296, "eta_seconds": 173.07143591722706, "fast_rcnn/cls_accuracy": 0.931640625, "fast_rcnn/false_negative": 1.0, "fast_rcnn/fg_cls_accuracy": 0.0, "iteration": 39, "loss_box_reg": 0.024029268883168697, "loss_cls": 0.3503810167312622, "loss_rpn_cls": 0.6927183270454407, "loss_rpn_loc": 0.7825968265533447, "lr": 9.99025e-06, "roi_head/num_bg_samples": 479.25, "roi_head/num_fg_samples": 32.75, "rpn/num_neg_anchors": 169.0, "rpn/num_pos_anchors": 87.0, "time": 0.3703440529934596, "total_loss": 1.8563422039151192}
{"data_time": 0.0020712089972221293, "eta_seconds": 163.79387617867906, "fast_rcnn/cls_accuracy": 0.9296875, "fast_rcnn/false_negative": 1.0, "fast_rcnn/fg_cls_accuracy": 0.0, "iteration": 59, "loss_box_reg": 0.0251724012196064, "loss_cls": 0.2645888477563858, "loss_rpn_cls": 0.6801978349685669, "loss_rpn_loc": 0.5993707776069641, "lr": 1.4985249999999999e-05, "roi_head/num_bg_samples": 476.0, "roi_head/num_fg_samples": 36.0, "rpn/num_neg_anchors": 162.25, "rpn/num_pos_anchors": 93.75, "time": 0.36932076099765254, "total_loss": 1.519324304535985}
{"data_time": 0.002649800997460261, "eta_seconds": 155.56596572554554, "fast_rcnn/cls_accuracy": 0.93505859375, "fast_rcnn/false_negative": 1.0, "fast_rcnn/fg_cls_accuracy": 0.0, "iteration": 79, "loss_box_reg": 0.03707974776625633, "loss_cls": 0.22972306609153748, "loss_rpn_cls": 0.6698251366615295, "loss_rpn_loc": 0.7557616829872131, "lr": 1.9980250000000002e-05, "roi_head/num_bg_samples": 478.75, "roi_head/num_fg_samples": 33.25, "rpn/num_neg_anchors": 160.75, "rpn/num_pos_anchors": 95.25, "time": 0.36603055199520895, "total_loss": 1.749700240790844}
{"data_time": 0.0015896129989414476, "eta_seconds": 149.36780460120644, "fast_rcnn/cls_accuracy": 0.92919921875, "fast_rcnn/false_negative": 1.0, "fast_rcnn/fg_cls_accuracy": 0.0, "iteration": 99, "loss_box_reg": 0.011430998798459768, "loss_cls": 0.24084550887346268, "loss_rpn_cls": 0.6662694215774536, "loss_rpn_loc": 0.6812746524810791, "lr": 2.497525e-05, "roi_head/num_bg_samples": 475.75, "roi_head/num_fg_samples": 36.25, "rpn/num_neg_anchors": 173.5, "rpn/num_pos_anchors": 82.5, "time": 0.3753961230031564, "total_loss": 1.7375231720507145}
{"data_time": 0.0016982335000648163, "eta_seconds": 141.21976631737198, "fast_rcnn/cls_accuracy": 0.93603515625, "fast_rcnn/false_negative": 1.0, "fast_rcnn/fg_cls_accuracy": 0.0, "iteration": 119, "loss_box_reg": 0.03739236481487751, "loss_cls": 0.22963640093803406, "loss_rpn_cls": 0.650373637676239, "loss_rpn_loc": 0.5135478973388672, "lr": 2.997025e-05, "roi_head/num_bg_samples": 479.25, "roi_head/num_fg_samples": 32.75, "rpn/num_neg_anchors": 172.75, "rpn/num_pos_anchors": 83.25, "time": 0.36180348249763483, "total_loss": 1.4830455351620913}
{"data_time": 0.0019585375048336573, "eta_seconds": 133.7871470375103, "fast_rcnn/cls_accuracy": 0.9365234375, "fast_rcnn/false_negative": 1.0, "fast_rcnn/fg_cls_accuracy": 0.0, "iteration": 139, "loss_box_reg": 0.016886272002011538, "loss_cls": 0.22343043237924576, "loss_rpn_cls": 0.6097515225410461, "loss_rpn_loc": 0.6787777245044708, "lr": 3.4965250000000005e-05, "roi_head/num_bg_samples": 479.5, "roi_head/num_fg_samples": 32.5, "rpn/num_neg_anchors": 145.0, "rpn/num_pos_anchors": 111.0, "time": 0.3618490805019974, "total_loss": 1.5748772788792849}
{"data_time": 0.0021970084999338724, "eta_seconds": 125.32672713845386, "fast_rcnn/cls_accuracy": 0.9609375, "fast_rcnn/false_negative": 1.0, "fast_rcnn/fg_cls_accuracy": 0.0, "iteration": 159, "loss_box_reg": 0.01460446696728468, "loss_cls": 0.16532640159130096, "loss_rpn_cls": 0.6072166264057159, "loss_rpn_loc": 0.6536393165588379, "lr": 3.996025e-05, "roi_head/num_bg_samples": 492.0, "roi_head/num_fg_samples": 20.0, "rpn/num_neg_anchors": 161.75, "rpn/num_pos_anchors": 94.25, "time": 0.3511875790063641, "total_loss": 1.515832282602787}
{"data_time": 0.0024747639981796965, "eta_seconds": 118.3180417586118, "fast_rcnn/cls_accuracy": 0.9501953125, "fast_rcnn/false_negative": 1.0, "fast_rcnn/fg_cls_accuracy": 0.0, "iteration": 179, "loss_box_reg": 0.021592077799141407, "loss_cls": 0.17409804463386536, "loss_rpn_cls": 0.5774928629398346, "loss_rpn_loc": 0.5646923184394836, "lr": 4.4955249999999996e-05, "roi_head/num_bg_samples": 486.5, "roi_head/num_fg_samples": 25.5, "rpn/num_neg_anchors": 162.5, "rpn/num_pos_anchors": 93.5, "time": 0.3802318125090096, "total_loss": 1.491572436876595}
{"data_time": 0.003411790996324271, "eta_seconds": 110.58240629863576, "fast_rcnn/cls_accuracy": 0.93896484375, "fast_rcnn/false_negative": 1.0, "fast_rcnn/fg_cls_accuracy": 0.0, "iteration": 199, "loss_box_reg": 0.037315573543310165, "loss_cls": 0.21670767664909363, "loss_rpn_cls": 0.5662434697151184, "loss_rpn_loc": 0.4491216540336609, "lr": 4.9950250000000005e-05, "roi_head/num_bg_samples": 480.75, "roi_head/num_fg_samples": 31.25, "rpn/num_neg_anchors": 160.75, "rpn/num_pos_anchors": 95.25, "time": 0.36372538349678507, "total_loss": 1.2541897520422935}
{"data_time": 0.0019429979947744869, "eta_seconds": 103.52828653878532, "fast_rcnn/cls_accuracy": 0.93212890625, "fast_rcnn/false_negative": 1.0, "fast_rcnn/fg_cls_accuracy": 0.0, "iteration": 219, "loss_box_reg": 0.038703348487615585, "loss_cls": 0.20880819112062454, "loss_rpn_cls": 0.5605915188789368, "loss_rpn_loc": 0.398812398314476, "lr": 5.494525e-05, "roi_head/num_bg_samples": 477.25, "roi_head/num_fg_samples": 34.75, "rpn/num_neg_anchors": 173.25, "rpn/num_pos_anchors": 82.75, "time": 0.3878049385093618, "total_loss": 1.278420771821402}
{"data_time": 0.002415077993646264, "eta_seconds": 95.42012466961751, "fast_rcnn/cls_accuracy": 0.94970703125, "fast_rcnn/false_negative": 1.0, "fast_rcnn/fg_cls_accuracy": 0.0, "iteration": 239, "loss_box_reg": 0.035965269431471825, "loss_cls": 0.182599738240242, "loss_rpn_cls": 0.545945554971695, "loss_rpn_loc": 0.4580290913581848, "lr": 5.994025e-05, "roi_head/num_bg_samples": 486.25, "roi_head/num_fg_samples": 25.75, "rpn/num_neg_anchors": 167.0, "rpn/num_pos_anchors": 89.0, "time": 0.3530161440066877, "total_loss": 1.2604984261561185}
{"data_time": 0.002200857998104766, "eta_seconds": 87.598009800422, "fast_rcnn/cls_accuracy": 0.88916015625, "fast_rcnn/false_negative": 0.9974747474747474, "fast_rcnn/fg_cls_accuracy": 0.0025252525252525255, "iteration": 259, "loss_box_reg": 0.08905917033553123, "loss_cls": 0.2680395245552063, "loss_rpn_cls": 0.5285999178886414, "loss_rpn_loc": 0.4575379192829132, "lr": 6.493525e-05, "roi_head/num_bg_samples": 455.25, "roi_head/num_fg_samples": 56.75, "rpn/num_neg_anchors": 147.75, "rpn/num_pos_anchors": 108.25, "time": 0.35563198999443557, "total_loss": 1.3916233703494072}
{"data_time": 0.002088801993522793, "eta_seconds": 80.67426905996399, "fast_rcnn/cls_accuracy": 0.92724609375, "fast_rcnn/false_negative": 0.9939024390243902, "fast_rcnn/fg_cls_accuracy": 0.006097560975609756, "iteration": 279, "loss_box_reg": 0.08927851915359497, "loss_cls": 0.18722115457057953, "loss_rpn_cls": 0.5038653612136841, "loss_rpn_loc": 0.3438638895750046, "lr": 6.993025000000002e-05, "roi_head/num_bg_samples": 474.5, "roi_head/num_fg_samples": 37.5, "rpn/num_neg_anchors": 184.25, "rpn/num_pos_anchors": 71.75, "time": 0.38328247050230857, "total_loss": 1.2561805099248886}
{"data_time": 0.002071147500828374, "eta_seconds": 73.34024459996726, "fast_rcnn/cls_accuracy": 0.92822265625, "fast_rcnn/false_negative": 0.9527834008097166,